algorithm,config_label,n_episodes,mean_wait_s,std_wait_s,ci95_wait_lo,ci95_wait_hi,mean_throughput,std_throughput,ci95_tp_lo,ci95_tp_hi,mean_congestion,mean_speed_ms
fixed_time,city_small,50,72.3582,14.6432,68.1398,76.2211,0.007050,0.001490,0.006625,0.007447,0.2780,10.1314
random,city_small,50,92.8572,13.2112,89.2791,96.5540,0.004849,0.000856,0.004631,0.005079,0.2650,9.5540
ppo_centralized,city_small,50,49.6829,16.2367,45.3582,54.1939,0.009764,0.001744,0.009284,0.010259,0.2501,10.3462
ippo_gnn,city_small,50,44.8385,15.0999,40.6251,49.2232,0.012495,0.002366,0.011801,0.013124,0.2974,10.3431
hrl,city_small,50,39.7528,12.0795,36.3342,42.8811,0.013708,0.003022,0.012900,0.014568,0.2754,11.0234
